Fold,MAE,RMSE,MAPE
1,544.898753670876,718.6672956117483,1.8836641862954102
2,437.23817626472703,594.6876602982829,1.4097526938300213
3,393.9012445894164,506.5727371316887,1.3313777268815865
4,425.9057559709545,530.7886871968933,1.4344499448248955
5,389.6274114472461,553.4541593846074,1.2547007037478544
